Name,Id,IPAddress,Instant
Alice,1230,192.168.1.1,2023-01-15T08:00:00Z
Bob,5678,192.168.1.2,2023-02-20T10:30:00Z
Charlie,9012,192.168.1.3,2023-03-25T12:45:00Z
David,3456,192.168.1.4,2023-04-10T15:15:00Z
Eve,7890,192.168.1.5,2023-05-05T17:30:00Z
Frank,2345,192.168.1.6,2023-06-20T20:45:00Z
Grace,6789,192.168.1.7,2023-07-15T22:00:00Z
Helen,1234,192.168.1.8,2023-08-10T00:15:00Z
Ivy,8901,192.168.1.9,2023-09-25T02:30:00Z
Jack,4567,192.168.1.10,2023-10-20T04:45:00Z
Alice,1230,192.168.1.1,2023-11-15T08:00:00Z
Bob,5678,192.168.1.2,2023-12-20T10:30:00Z
Charlie,9012,192.168.1.3,2024-01-25T12:45:00Z
David,3456,192.168.1.4,2024-02-10T15:15:00Z
Eve,7890,192.168.1.5,2024-03-05T17:30:00Z
Frank,2345,192.168.1.6,2024-04-20T20:45:00Z
Grace,6789,192.168.1.7,2024-05-15T22:00:00Z
Helen,1234,192.168.1.8,2024-06-10T00:15:00Z
Ivy,8901,192.168.1.9,2024-07-25T02:30:00Z
Jack,4567,192.168.1.10,2024-08-20T04:45:00Z
Alice,1230,192.168.1.1,2024-09-15T08:00:00Z
Bob,5678,192.168.1.2,2024-10-20T10:30:00Z
Charlie,9012,192.168.1.3,2024-11-25T12:45:00Z
David,3456,192.168.1.4,2024-12-10T15:15:00Z
Eve,7890,192.168.1.5,2025-01-05T17:30:00Z
Frank,2345,192.168.1.6,2025-02-20T20:45:00Z
Grace,6789,192.168.1.7,2025-03-15T22:00:00Z
Helen,1234,192.168.1.8,2025-04-10T00:15:00Z
Ivy,8901,192.168.1.9,2025-05-25T02:30:00Z
Jack,4567,192.168.1.10,2025-06-20T04:45:00Z
Lucy,7890,192.168.1.11,2025-07-05T08:00:00Z
Michael,2345,192.168.1.12,2025-08-10T10:30:00Z
Nina,6789,192.168.1.13,2025-09-15T12:45:00Z
Oliver,1234,192.168.1.14,2025-10-20T15:15:00Z
Peter,8901,192.168.1.15,2025-11-25T17:30:00Z
Quincy,4567,192.168.1.16,2025-12-20T20:45:00Z
Rachel,1230,192.168.1.17,2026-01-15T22:00:00Z
Steve,5678,192.168.1.18,2026-02-10T00:15:00Z
Tina,9012,192.168.1.19,2026-03-25T02:30:00Z
Ulysses,3456,192.168.1.20,2026-04-20T04:45:00Z
Victoria,7890,192.168.1.21,2026-05-15T08:00:00Z
William,2345,192.168.1.22,2026-06-10T10:30:00Z
Xander,6789,192.168.1.23,2026-07-15T12:45:00Z
Yvonne,1234,192.168.1.24,2026-08-10T15:15:00Z
Zane,8901,192.168.1.25,2026-09-25T17:30:00Z
Lucy,7890,192.168.1.11,2026-10-20T20:45:00Z
Michael,2345,192.168.1.12,2026-11-15T22:00:00Z
Nina,6789,192.168.1.13,2026-12-10T00:15:00Z
Oliver,1234,192.168.1.14,2027-01-05T02:30:00Z
Peter,8901,192.168.1.15,2027-02-20T04:45:00Z
Quincy,4567,192.168.1.16,2027-03-15T08:00:00Z
Rachel,1230,192.168.1.17,2027-04-10T10:30:00Z
Steve,5678,192.168.1.18,2027-05-25T12:45:00Z
Tina,9012,192.168.1.19,2027-06-20T15:15:00Z
Ulysses,3456,192.168.1.20,2027-07-15T17:30:00Z
Victoria,7890,192.168.1.21,2027-08-10T20:45:00Z
William,2345,192.168.1.22,2027-09-05T22:00:00Z
Xander,6789,192.168.1.23,2027-10-20T00:15:00Z
Yvonne,1234,192.168.1.24,2027-11-15T02:30:00Z
Zane,8901,192.168.1.25,2027-12-10T04:45:00Z
Lucy,7890,192.168.1.11,2028-01-05T08:00:00Z
Michael,2345,192.168.1.12,2028-02-10T10:30:00Z
Nina,6789,192.168.1.13,2028-03-25T12:45:00Z
Oliver,1234,192.168.1.14,2028-04-20T15:15:00Z
Peter,8901,192.168.1.15,2028-05-15T17:30:00Z
Quincy,4567,192.168.1.16,2028-06-10T20:45:00Z
Rachel,1230,192.168.1.17,2028-07-05T22:00:00Z
Steve,5678,192.168.1.18,2028-08-10T00:15:00Z
Tina,9012,192.168.1.19,2028-09-25T02:30:00Z
Ulysses,3456,192.168.1.20,2028-10-20T04:45:00Z
Victoria,7890,192.168.1.21,2028-11-15T08:00:00Z
William,2345,192.168.1.22,2028-12-10T10:30:00Z
Xander,6789,192.168.1.23,2029-01-05T12:45:00Z
Yvonne,1234,192.168.1.24,2029-02-20T15:15:00Z
Zane,8901,192.168.1.25,2029-03-15T17:30:00Z
Lucy,7890,192.168.1.11,2029-04-10T20:45:00Z
Michael,2345,192.168.1.12,2029-05-05T22:00:00Z
Nina,6789,192.168.1.13,2029-06-20T00:15:00Z
Oliver,1234,192.168.1.14,2029-07-15T02:30:00Z
Peter,8901,192.168.1.15,2029-08-10T04:45:00Z
Quincy,4567,192.168.1.16,2029-09-25T08:00:00Z
Rachel,1230,192.168.1.17,2029-10-20T10:30:00Z
Steve,5678,192.168.1.18,2029-11-15T12:45:00Z
Tina,9012,192.168.1.19,2029-12-10T15:15:00Z
Ulysses,3456,192.168.1.20,2030-01-05T17:30:00Z
Victoria,7890,192.168.1.21,2030-02-20T20:45:00Z
William,2345,192.168.1.22,2030-03-15T22:00:00Z
Xander,6789,192.168.1.23,2030-04-10T00:15:00Z
Yvonne,1234,192.168.1.24,2030-05-05T02:30:00Z
Zane,8901,192.168.1.25,2030-06-20T04:45:00Z